A,B,C,D,E,Outcome
-75.71465491386247,-35.95078263847816,-7.260788952981144,15.669269306070657,16.506541258463947,1
-82.35826759857937,28.908213221886086,-5.4966713869512045,9.004553759370095,3.48152700288875,0
-74.63064343955241,-67.90649646533772,19.46180812390126,-5.653056421738765,-10.300113457789285,1
11.077422725984169,34.89848586271191,-0.05301779225243907,1.3148728266546348,-7.619413563023953,0
89.74378806141766,-2.7469370762075727,25.212858606995102,18.9942365850026,8.522693896232155,1
-80.97792192337427,-3.946887167698816,0.6413949366510417,-15.117736149400029,-8.976962025807792,0
4.350959294086705,46.93391220267288,9.18341779837671,11.50938390735876,4.371529455013743,1
-82.13729445124038,7.09795392094211,67.48899905166618,6.13119060388103,8.336941403577017,0
468.8663886756302,-31.52825757176037,10.057071525038333,-5.989567206524885,17.255665751997537,1
-80.1938498357072,-18.04828292506946,-18.04976259276507,-32.12696971607751,7.121201286756044,1
-81.10497038159527,-1.2090135366111692,-18.39044998180425,-18.203446724736075,-12.522223070489044,0
-75.74217323757397,-55.75846578443579,5.843018763229007,-7.944254100759777,-8.842963090798927,1
-78.71637198664293,-31.128431706002967,-5.293599142628661,-22.018439760672816,13.253353338053236,0
767.4740620387649,4.26768414130959,30.56728672174943,-45.472238279923154,19.87243519775067,1
98.75739538134395,-37.5677733109113,4.834268165571342,-9.550953552888979,11.33520242745634,1
-83.68316631048054,21.57721753748638,65.73033225084235,2.556900770348535,11.849488539463046,1
150.93944047856394,16.197163772339206,-20.58998726005364,12.823018754190024,1.3014278058361115,1
-81.80976268404359,4.429602045843616,-1.3496596518224977,-15.823972582978739,-6.875779571007866,1
2.0247619494410283,23.827289143885135,26.80923790925627,25.756165587168024,14.781350972248067,0
16.148466929011583,7.800201136260471,-4.361995485614477,7.381887702973217,1.2506682641118247,1
156.3045250053056,8.775736207967753,-19.89024736176331,6.900880814157121,-5.257974943654455,0
-82.41974203130478,7.829792021147854,-14.896122140343913,-24.059937127638847,9.272074387164146,0
-72.73967494495335,-86.24860792575441,-5.949583029742129,-10.406119693740317,-8.992736075758495,1
-78.41829714614533,-5.800007951576857,-15.623335425807753,15.378759164446155,-1.775640760070015,1
69.05116262133149,-20.905990586035205,-25.230372255563957,-2.0181693610974074,13.035891039798502,1
35.65317151852234,-1.656121556017394,-2.168597067256525,-0.029059689032562064,8.901460384238849,1
-77.77058291993522,-36.884974029496384,-0.2608557835871051,-13.279084435226,0.3987733786099562,1
56.98491485252,31.100479607083322,5.0387913696576305,-9.061647800106943,-9.594848971968243,0
32.22389271482754,-25.574008812572984,-9.221357125307524,-13.327561250760086,17.52957188040197,0
-80.49978846957492,-8.994191990742129,-17.94908593074102,-20.496289194613006,-5.697077476799439,0
-80.02788066874422,-0.4727741884513997,-14.408685986105095,-0.25034593114704634,26.00481680979068,0
168.7573348521974,-19.753709890557467,-1.5918094560174003,7.025803408622552,-5.832297386524151,1
-29.656437464900367,32.496028444157645,10.294974496536621,-5.728525024624634,-7.63391314487058,0
-83.11048572398848,17.357229919063155,-18.421917628907458,-23.269028965062663,-12.857176564209045,0
-78.47861431312563,-10.864046293945366,-13.964533546539679,7.591571680428007,12.235008615931843,0
110.1767987024865,30.43300346980203,5.4450971948223925,2.440947790953937,6.539417100442856,0
-78.71723567196342,-26.813234444247282,0.18311254740041033,-13.340474545621396,-5.7002217798213834,0
-80.02969533407834,8.84454095298985,-17.635295094901046,11.796956957318365,16.90095274843922,1
-80.87234245722202,24.508556622334627,-11.672733562990553,23.966981868002037,2.676095139867637,1
127.0014444112749,19.342311643202297,-13.08134665021719,7.2478778130031545,28.14057918785577,1
-3.7062044091700015,-56.46749099927511,12.272757144733694,15.621434653457566,-9.600990614632645,0
-78.97836765970861,-23.60623597705763,-9.002105986253476,-15.097074705518665,-5.73250545929104,0
-80.6815644449875,1.8302205758250678,-24.842576574372366,-11.202320772758005,9.213092066220291,0
164.96987998219996,-42.81321566407801,-32.73610353726768,-16.09493730083998,7.150981319393456,1
-76.94737619885697,-45.8644325094886,14.495568794586045,-10.098658663960526,-0.8896835196070574,0
-72.21859597411931,-62.73411130405533,3.7934834760962555,34.060599652952966,-7.61451622780559,1
-78.26395841805251,-30.52094241429797,21.220724666308037,-5.50479044886803,-8.874530315698532,0
-83.73496854159227,43.00870415552493,-9.659464851453626,7.437953335725645,-4.838390646260117,0
-80.25238841228332,10.858967095711886,-5.6263354688288825,15.93032913839488,3.8566104253793707,1
-83.58601088187605,19.246848292100616,71.42456109976723,-0.22028948834147935,3.4012172996037395,0
-0.09960759370951919,17.739188808157092,-6.500521647192438,-12.489259055857424,-14.484300013001047,0
-46.16508262071348,19.033335277809698,17.556055137708338,1.427604144182106,-2.510493342909184,0
-59.74468788232365,27.858025778112676,-1.8008244103263953,0.4620828515864363,0.7726415802490724,0
225.15499423726607,-38.56809562585478,-14.310697226432294,-8.741776501647497,17.222712327762366,1
264.4955722827803,-3.2294360609916564,4.421439836480226,3.8292242828590335,12.295878292087,0
-84.95871915172482,43.316783724150355,15.106316576915956,-2.7166609647809596,-5.970566074251855,0
230.27165251508214,-43.254796649858775,7.735687053022369,8.453432048535989,6.947524469052963,1
30.87397154866847,22.478994647407774,-33.50272633160972,29.17186367798243,5.378183255320663,0
-77.74501804488959,-36.79876103385189,-6.053951983107731,-14.716878478852083,-1.0209385981194956,0
61.55936778006221,24.463569433343956,-2.310298660084491,18.861451125773563,-2.8342241096908336,0
-85.6192514634676,40.19700893304962,68.90124625923558,-1.5884197376931157,1.728392709501655,0
-79.28314325284497,-21.863058573170004,2.76124458580676,-14.003858296122818,-1.111365377676248,1
-88.24305963904101,66.9420071226234,0.7106279463461682,-22.513369038888385,5.651531460526914,0
50.41871313009832,-10.98413885882028,12.079529288376547,15.676079160514279,-4.625144293659258,0
-81.24820150189964,-2.9327603802671844,5.23025635018872,-15.577511470034041,4.56023396632237,1
-80.95977986577627,13.702897090209227,-10.7874669649465,6.7766094353699655,1.4513415207755611,0
-79.53598291219906,1.2749478390151818,-24.293134239392664,6.065268378049994,2.9427397253166427,1
-81.21248585835116,-3.795638443461337,-22.175738041725644,-24.464714729247376,9.465202577282973,0
-44.69074307131837,23.025977378312035,3.3268106021745814,-5.981481889007574,-7.237383031966747,0
23.14390904988665,-23.36110978986012,-11.432736645348042,4.498263033167361,-10.00922870775735,0
8.039289556581242,22.42221603709649,0.8250011165935659,-0.9867823025752503,-2.6666199482648567,1
62.32922018701809,-9.196154300683354,5.460641745171549,13.824729092550657,-3.22025285145498,0
-79.55167082320747,-18.639177124913793,-16.726721275292064,-18.695078428100654,-0.9291754454858112,1
190.0019004955806,8.975464764883771,-9.39762499534404,-12.73615575098607,-14.14431706255204,0
-82.6317776820988,34.52997376207817,-14.552601966699104,10.555727711469034,-5.988848069945316,0
-91.50338786068664,114.93061601135011,3.0602836613457307,-2.068625678162788,4.470009200849423,0
-86.14045285135559,46.06870390165052,-13.145784774886646,-24.698762812610784,5.422592225913902,0
-80.87886469339007,18.514764334712257,-11.88342859612973,15.311938657410973,-0.5881469704898258,0
-80.43063889347629,-8.181610922618567,69.3384714248251,10.965504187949922,2.8221172286964746,1
-80.14216132004553,3.2872329242777316,1.5926498659924682,7.798901369294258,-7.039040963198314,0
-80.9766171100252,5.296228544379096,25.366380698418364,5.791015766114691,-6.104617526300814,0
-86.60104048076512,49.77910615111059,67.34163412524941,-3.088289446601686,3.527973850193844,0
-12.024075968215628,34.73073096159362,-15.56263495431958,-2.972913464181563,5.650139237708796,0
-80.86411050035737,14.815102020652072,-0.5558160475966492,12.67256120915233,-6.432626784380558,0
-78.07660359448136,-31.259186812667842,-31.66139685947063,-19.168660642080404,-11.775543480973468,1
44.4483079901615,15.561321123765593,-6.957576507697941,3.978804639661617,-4.001136681109081,0
-78.62290149453314,6.383153507140967,-19.04507184912192,29.178420055684935,21.662002101410025,0
-10.408548610919102,20.647528808952327,-3.4440005844211754,5.835308622503649,-3.549452259835377,0
32.19488335779589,-13.151772817636674,-3.695713191212506,7.232430129929368,12.222650168444087,1
-80.75834145946797,7.6431854637639445,-0.22449993801441256,4.359022855194395,-7.963221747844565,0
-84.85577650699881,35.40633853133081,15.084639453501131,-12.787158335706858,-10.430445442241234,0
95.57973817264289,5.079557729403793,-6.129750215138934,-14.047172818838838,-3.4480215956977873,0
-33.98852712872613,33.650872142955805,-23.687090150361126,12.223494483764853,15.365467943542944,0
-79.37959884042417,-25.260756504131326,1.5652332428358817,-21.763832205695195,17.329439026283474,1
-13.627523096684255,-21.890729603808488,-5.877558617489318,0.30367445168886403,-17.21003820703517,0
149.87696853910197,-9.562054847046799,0.6194732972938987,-3.7634084624146475,5.54001217108723,0
-81.70584867742046,23.336362802825924,-0.30215459941196154,13.031502140286944,-2.6502834820367456,0
-9.264003346152954,53.18144306192555,16.02141754719166,-1.1398142523415098,-2.3988680411897216,0
-18.16557859195967,30.424505580999696,12.058940870731451,13.424086705596824,0.1807162620888062,0
141.7916623796172,10.536387697578597,-27.52775478874059,16.621134010683598,0.8332842853324832,1
-76.22727781497031,-50.31712125278708,7.165565078356332,-7.080830030264462,-10.20135156389424,1
-77.73622084468984,-34.79903548400327,19.603226363362907,-4.544566577706903,-16.7643683612439,0
-79.74477984036793,-14.2984583355575,-16.71007256149564,-17.462679279128547,-23.985138435921673,0
-43.571928714711134,36.075421696511285,-6.5107300070587195,-3.2943138969525854,-6.8699467278846935,0
-83.94161580233244,27.299042138307993,3.0863771445843122,-12.716378862540422,-7.075827567907167,0
72.50923666107295,6.152622943670711,13.773249105531951,9.997698878183904,-6.987800116397039,0
-82.18773710931039,9.34707449790489,-45.61556324745222,-29.643682806432786,-21.79874179119682,0
62.2717756630472,-15.172154312201132,12.385026593947519,6.720715442143439,5.906283585796453,0
-64.55990649086864,34.240942975567194,1.04775673649038,14.648255164264484,0.9770991929708049,0
-45.387184403440024,20.161553502630095,-20.135715268288113,3.5516446476148835,-9.218506467602738,1
60.577777386850244,-41.92597232779969,2.8532472820658485,15.722096856239448,-10.454416251034552,1
415.86792777669996,5.478953723869104,16.518729267767284,-20.088346700532963,12.417208122649338,1
-44.664323874980845,28.296174313188427,-14.512042226489164,12.147582902283618,-5.163911769245833,0
-84.9458632459529,36.97318801059361,5.510933535228796,-13.583808390996312,-7.246791184249343,0
98.77527267354922,-27.011999418729012,17.424967572048224,10.376609332256562,8.779571146596982,1
-77.78374294063855,-40.25344580780815,-16.268677669959363,-24.45431215207458,12.710695597187287,1
-80.10624626804405,-13.24050146409399,-0.3273561749704442,-14.94770486112588,-2.136032116983053,1
-84.98162652971565,37.00672674166999,18.729431787913718,-9.771925944584755,-4.026760535760661,0
-81.59714298418248,18.864314962659133,4.451078557716996,9.583566577995894,-5.5358084686235784,0
-31.048038956554105,19.38762785547336,-5.707774435754466,-5.462259582359511,-12.543144262181592,0
26.681986101987174,-36.73228084238077,-12.617050097823228,39.91179337091656,-3.712260901628958,1
-79.11850820615112,5.0041980733172196,-3.2333857061325593,24.816301582719205,-1.2632812767566373,0
19.41877287152271,16.674690725663947,-7.876236297278574,7.577108871614844,-7.12976571521823,0
-79.4385985127491,-25.87661818345607,-7.65019078888922,-26.285539907475304,24.148431628747677,0
-81.09618392550396,-0.5814088221262963,-1.6631931596070355,-12.165530524401358,-16.21358857488308,1
16.879436350211005,40.58725047303811,23.093770580664756,30.811182421594122,10.945830138955767,1
55.48818202564875,6.47481767280226,-3.7199987614432115,7.528576939201991,-0.5554279519964772,0
14.640828170883315,8.067195819498979,6.555302221171278,18.789461579397162,-2.9798890779071363,0
64.90166949842089,6.474406929627594,-18.799890780268022,-8.053821341013304,2.6892173812858924,1
-81.96436682045831,0.8477136860182267,-14.368174244564857,-28.005941493140433,18.417106217447287,1
92.27503889594992,-42.67845298563276,10.835681081607419,-5.930851579072637,-6.752035657610784,1
-80.59113500539426,-8.099317215305158,16.619746840885355,-9.281605125601825,-1.7908187006178231,1
149.96973293511505,-31.968144444783242,9.837701272954257,13.767793974856072,-1.9357131589551468,1
-82.08450831707808,27.03131349883854,-16.344421503353985,8.056070156240644,10.908849385544332,0
-33.620928276257956,22.57731008940808,1.5092689118477856,-7.168214309836764,-6.686706179378601,0
60.04505989914878,3.237611641037714,10.49932264511966,-0.4237472657380626,-0.7012011528460487,0
-31.256802869783098,19.542018711400402,-4.34462175512843,7.690127133308287,-8.820846070111905,0
9.514461987969067,31.641570025272,5.216829756332888,5.135176936141141,-5.275519369256407,0
-79.51740936767743,-17.447119769151932,-3.533066879458831,-13.509103914239658,-13.070670548717874,0
242.6023618317286,39.2124752716609,-2.422829787589146,-8.786941412308847,-1.6604709719975548,0
-79.88789852808036,-19.428628063089892,-3.822799695505603,-23.0256903784417,11.651960321947486,0
-79.8383147615523,4.6014434370792365,-20.227689364189057,8.385081572709796,5.507004207355758,0
-17.83748396415423,15.283761195506765,13.284561026890836,12.453876391099625,-4.087862629501175,0
-81.84673306160303,2.8513309595434206,4.355258246054759,-16.52071235319073,5.534150373770967,1
206.60061042563458,-9.854679526362869,13.548462588322767,4.932351904433175,-7.962961525385255,0
-81.25007304539868,13.429921104611202,-4.718618329460967,1.30212245770661,-11.59031257535085,0
-84.35072708381975,52.7323584182613,-27.13857566145708,6.837940768573378,15.324021690869882,0
38.25080958072297,19.75616125091646,-0.9015463789501756,9.354832065183674,6.637035930793843,0
-77.89266022034809,-39.939417081722155,-4.065896334583452,-21.42808847036786,19.75985694619997,0
-82.49419213560728,23.991388990641106,-3.7711569982218074,0.734716398074399,-9.124854295560972,0
126.80566547556919,-0.8170076768275655,-8.281700876136659,22.4029840402244,-3.648011853409729,0
-81.39302987857987,-1.5102001641183633,8.290923943888624,-15.763578345948293,-0.4987505188803881,0
78.8325865007786,-30.433028060084652,-12.784157845090789,-1.0038464323501828,3.8129358463308836,1
407.2238543358705,7.636974907315344,-5.170976596488199,-2.237687413816192,-9.979846627850154,0
-73.61111653630292,-77.45122552060022,2.626620235496378,-7.302094503204123,-3.3371790522173734,1
-74.24160349410003,-40.41983315022333,-24.64767613527339,27.23048944844258,2.396149335328984,1
11.293375172350272,26.841596957778663,17.192704639960695,-1.6059664523105266,-7.251075654968632,0
53.42135189822151,20.492691038633282,13.647078140450178,0.7232213715625566,-5.803764027083623,0
-29.845159266996813,30.419137649136164,-7.475360172718924,-1.9331935819768076,-9.330075472515263,0
39.4225308166621,-39.57101274353736,-5.397741939849459,17.071727483548216,15.790929441148862,1
-74.95014629980633,-39.057077382676965,-22.037914473957805,17.51210431675219,-0.4309220051919401,0
24.46463434171536,19.221605311467084,-14.907615562284823,9.319682115744238,16.99496365449813,0
204.30671687335428,25.742053309602955,-11.614937750274544,-0.8128238705316041,-4.524290452028086,0
-81.21075185244746,15.495115268714907,1.1632612165654366,9.580201886496788,-7.919932795627503,0
-79.19811023542982,-20.96614089922718,-11.055313339778625,-16.19723052201451,-12.33370202017844,1
73.88654352963107,21.755995385742917,-5.3058327457949535,-13.392763847810185,7.101331199902078,1
-76.32851311660419,-31.633312314675866,5.070186556112119,16.7647681037703,-10.95341014703005,0
-80.63915501484404,-7.710602029485301,5.740457309011593,-13.44443266758649,-4.318596846363457,0
-81.5995361453183,2.8883144950497193,6.473906010491617,-12.169324011354766,-7.528382867720739,0
-2.9707684848906295,6.772534787977041,-17.083799556171893,-13.48151186247548,-10.30877653470418,0
-82.16910490041795,7.420878457241114,-10.210233477702229,-19.749978318373874,-3.816836199349765,1
51.35915980329887,-7.589841304205019,1.3835441318202326,2.051479723733286,-4.232128782669351,1
-83.53750763414187,36.69261778738469,57.94046746432174,23.48070453688706,11.747362307293821,0
-34.317061665451384,41.21444478688957,-5.041587276774401,23.87984142062463,1.772962081650127,0
-29.016964026872834,43.380675964488624,-3.0811709824847124,0.25126440983405074,5.575144840885143,0
56.88051303566285,-51.423536436620125,-0.4059693285658466,20.99601393418833,2.9747722912844003,1
-83.91194953653279,23.6561231943098,-9.76448573413644,-22.464597518215562,4.138767548324433,0
53.37807537955407,-8.006813860439076,-46.980784296062275,18.591675490141103,-10.090451846100345,1
-78.06143403352647,-34.058321424085,-3.8780390033161813,-14.31038663769715,3.7851474659215283,0
-79.3152171837001,-20.309031517574212,-7.39700533154194,-15.044367396153646,-5.330774205529099,1
-83.76073938412799,23.20559348551085,-9.008272547339319,-21.28339791275919,-5.878777857316762,0
11.780044317637659,4.959883082865079,6.458464848908737,1.9040678594616423,-9.256490416564935,0
-68.1977365670231,113.41650670187734,-20.71336645572792,-9.527737813306125,-2.426064778088914,0
-85.38157922336767,40.20895744301802,7.60588768964892,-15.457411915219183,-4.680834273989953,0
-78.5382134725728,-29.725152181102622,2.730117886505627,-14.697463565974694,-2.0790255478683566,0
-71.64264221969763,-79.37910695258303,5.977817786956635,19.145771030765086,3.486765219971709,1
419.01064403069415,-21.850567349346587,10.403069324778054,-14.671602237378954,24.140929279219414,1
-19.23883309687035,-11.790014091734868,-32.28239007255261,13.001685615565322,-2.6609549713838847,1
33.9765607264018,15.30229332587577,-12.287389556288009,10.53209941277691,2.719070896618171,1
82.49449617864605,-9.57487966850325,-9.151134602870709,9.189131813554965,-7.794502734134489,1
-81.66603429692954,4.064853523121039,12.565247662960713,-10.335226312213631,-14.403568211401206,0
15.729539903132016,-0.588622460851517,-8.53929085084771,17.762616595322335,12.73159173600949,0
-76.85885088768151,-45.728570070983295,12.75506106562816,-8.841401515978845,-4.971463671828907,1
-79.98387462703971,-14.709649031946256,66.70326957625099,8.446305111127968,17.221087570150623,1
-83.16640514406515,28.351586592423278,6.167849097672119,-0.14393344879338538,14.834828129865635,0
134.53241423296072,-24.463094088145585,-12.443977540187321,12.743477100787524,-4.99323568670639,1
-82.28938987822409,10.431158043078709,15.214289449639024,-9.577258940343999,-13.213908858956556,0
-33.60076150543553,12.953107913472406,8.71628858580179,-3.006923227685309,-8.83208916582962,1
19.31329260972827,16.342218728074076,-3.2644138441932666,22.122467865250062,1.7471358539907549,1
239.45624107577086,-1.5034283673275277,15.973079646875826,-3.200036512827332,-2.534654312308252,1
-80.08447996646326,0.16462476753332328,-9.710121171846602,1.0936217377369022,-14.872096005506316,0
-78.4789307618585,-26.780987543441785,-5.162611015436091,-10.989466066086298,-14.905002872778985,0
-80.61472662018129,5.5920538960177355,-1.4756075648306284,3.1599937840236527,-0.5605625077928953,0
-38.09218523054044,18.970361686350035,-0.9637844739641452,-4.790447454161656,-5.72927972417752,0
108.43207224026496,24.710973503333108,-9.978454631138803,-5.546210645152056,24.341288761258333,0
-79.81099218176938,3.318293193800276,-6.225792958084467,10.146808037923845,-3.5913538422136844,0
206.77680270324686,-58.24584883513728,2.210013629820721,-4.7435734384980295,16.5791104586426,1
-75.90471834650705,-56.577861102929575,-24.797441932525565,-21.777608348377168,0.5236794484163216,1
5.0926891564900165,27.706231449343527,0.7454789854214336,7.65911666832155,-6.6198487479167785,0
-72.06529956935493,-71.61914073951924,-11.697782248397601,18.087259821460265,1.942170489078126,1
-83.23662318647528,34.01021882847912,2.1981193110859487,5.8801220430265095,-1.9414289894088013,0
-74.21530178302413,-32.37570548765684,-23.051266257117828,38.83080533443014,-6.129819800220215,0
-72.58489406307844,-71.0367906738662,-24.15937054477665,6.858580265738288,16.769475199263514,0
52.178606581597215,-12.041351029519024,5.743944472129564,9.924552158462395,-8.176795499727712,1
94.58923690978702,15.882295943941845,-15.447093644916174,-1.2145673532523338,4.120736202565075,1
194.1290125580699,-11.489600888922398,-0.5512414179120436,8.111244622980387,8.000117641420612,1
48.90750551959601,19.362119407406755,0.10167386354543939,18.472059212221986,0.6783169390587338,1
40.85446338059708,0.735844337827311,-0.08235676375156116,6.400171573643433,1.490630204703514,0
-82.63237691872924,27.02369634994225,-11.261057053083626,0.6798980760934189,1.384320099662491,1
-81.36616072482937,-1.0377416795197834,4.451558410054158,-14.454038513516108,3.6197621857129665,1
401.4009654541736,-13.404138105333276,23.477713647405587,-5.1240516885987555,-12.482081881648433,1
-76.65022310274196,-52.31069722712642,-13.338088566588977,-23.82005746212139,16.42806141527825,1
-81.90996968035478,2.6300807717832004,68.46411599016596,2.4023588853946682,14.67760972649659,0
111.96645237166351,-11.89033962224577,6.781191659775508,-0.4057047263300015,29.44166741516359,0
-26.151519798621905,19.655599292331694,3.1520745244771415,-4.322420876414347,-6.153293937182036,0
-50.16745933799124,29.059146377620657,-14.92442804905131,6.475908033232383,-8.118954078906935,0
-82.2470341095088,10.551937320385033,-4.078516312409109,-14.044055490207946,-12.345377155552852,0
-74.33568280037356,-43.00675595544204,15.127908065700492,33.922777600011244,-3.612025805959424,1
668.2795422119954,-10.110064962220392,18.008106996033238,-16.745732374699426,-4.149988077305901,0
-25.95917107659085,1.0720416726989264,-14.886378196342527,13.196906102897644,-8.268224989148578,0
-77.9531272317604,-30.647931280006816,-8.110229251297541,-9.149078386639403,-21.169195208305464,1
290.80783920445157,11.621612965213274,-10.66768786219877,-6.962839079545822,12.924503975779803,1
-46.202365525971054,37.34217624285083,-15.979698178024735,1.1228168200511488,-8.597340856596597,0
-80.35021898227315,-9.207577984943747,5.939587345858247,-10.659371863858448,-8.98155754880737,0
-38.704900781027334,44.44952346966929,-7.120166222481856,6.234433886932247,-3.2775198556953473,0
-75.36184668703329,-57.397039773417326,8.515010840959455,-3.2772749408132484,-16.796009911491975,1
117.5595484458804,-52.649183209714465,-5.72393849847483,-8.402831316656759,8.267244845543024,1
-72.62335075249598,-65.679383835622,-14.831453636046096,18.0261846605053,-18.016111368796274,1
-74.78816727330505,-51.43267751887918,-9.17585608442059,6.784470633797998,-7.500163425289609,1
-82.19934483901424,8.307457860829428,-1.4826396674061821,-17.320023219903625,-12.059573030142719,0
-82.03537753490008,24.349146234901863,-0.3458104208299234,9.33827117624443,-7.031131292594892,0
5.98613706216644,31.896213930050653,-7.200260723288343,9.372787767088925,-4.899986152864572,0
-79.01744721183651,-22.303052447680482,23.43803474786224,-4.599960933819515,-14.023234685900665,1
95.06233543427157,13.955031381059765,19.550402094453723,-1.193057943254645,4.967437739973105,1
116.96483416988009,-13.398126700416354,-5.052572636431447,9.065646383876462,-4.118426621614814,0
-73.2519869110077,-73.7115491960764,-7.4146828518985775,-1.6585120504908188,4.58104583908142,1
-80.45844063625307,-10.846881079309224,4.802722523480522,-15.298953231588067,2.8923523502770894,0
601.8019505859081,12.239908783793423,-5.502848084732991,-21.339190017752102,-15.166606229805367,0
321.0907317319894,27.68075863995147,1.8904527505656317,-9.785786272354887,4.257081370465611,0
-80.02342841167162,1.1710607906894046,-16.606526512833486,1.1040239071409146,-13.33718784350437,0
-82.28239210834678,6.861409908480058,17.164270744242533,-13.263997965069832,8.783136988043731,0
-79.49501087039519,-17.629062734008198,-6.592866140031274,-14.674214774205497,-15.606520484777587,0
-27.9421080195288,27.45893061353288,-10.78796255004433,-9.31182052702123,-10.456899119129472,0
-81.89375089341691,28.25736781735143,-8.562442935514255,14.880669182543068,-1.7680857879642577,0
173.093730424942,43.69234753815153,9.352796997427578,-29.732252751738347,11.68745167821503,1
-79.15336320171171,3.39003371742281,-1.1505030246175836,22.55186969412323,-6.011056181827635,1
-79.31986055237479,5.558756900629135,4.003853217760043,24.46955033016088,5.574671535064138,0
-79.86619231044553,0.7452016008604178,-0.5807886167937013,7.924837586321019,-6.6796448025806185,0
299.58993231291964,-38.07330168786188,37.58145910357608,-7.955077749834257,-12.203775887224827,0
73.55824125930653,-29.774830555002314,-4.849480150907117,-1.1681667311598087,14.789952750862518,1
56.34124248128444,-63.6062040784253,13.89629853691946,0.10607376895001729,-6.809558433541297,0
-79.64683209317587,-17.492183926239367,72.32786323876586,9.171984579187592,3.035395542435447,1
-81.03742201419814,19.44672595773425,-8.591118767679689,14.826137306042746,-3.416778049478694,0
-77.4452324112643,-34.107549785229324,-10.765142250382294,-8.837733683389022,21.462651165562317,0
-80.41247684281224,-10.028284977362683,11.262534491155336,-11.348089731517234,-2.218177946461143,1
-15.23593419147103,20.680188071960387,-9.038906818644483,-8.35631585996127,9.589496873050278,0
-79.83871155000507,-14.523341027320978,71.3813697368497,10.776796202215454,1.1389408762597333,1
-77.18363983629969,-11.532322857784663,-2.3949937690300973,30.823223795622,-2.458873449560217,0
-82.666211047884,14.184403683062552,20.23538549519769,-8.157299118422749,-11.691708637682648,0
-79.19462407482798,-22.352895426816232,73.27346216588133,9.035745746514616,3.3100426658658213,1
-79.76188994538231,8.899412734988132,-27.704573261194685,13.858700959348257,7.728315820502249,1
-24.362605471674907,14.03267597575167,3.163390728319797,14.484576206662386,-5.9260459844376445,0
-80.39468380681022,-11.582082322837195,-3.053192978103822,-18.8630200268075,-1.5871900745431444,0
-37.44047776998268,47.38113597338514,-23.69721151805161,24.078937120118056,-1.6847941169802474,0
-81.99448857942646,2.6739510437773384,-1.1817924770242083,-20.62173829147371,14.47987913978509,0
-22.607707818580177,20.647130052291256,-14.01163037105363,30.7930819204764,2.130937521931494,0
-80.71099795540827,9.203136272152943,4.714598822422143,8.963938208233765,0.7943232321121259,1
34.35169203879628,22.437111118942422,4.215953852942267,1.5856321134478168,-6.794560435345659,0
-81.27930905626644,-5.754570420036685,-2.940365181241047,-23.618548703711358,16.038410720344153,0
194.76959558456542,33.621368576355586,14.435458297624692,-19.803442147391518,-10.759828147489456,0
-77.91830412320992,-32.7298465152066,7.368205141684424,-7.252765809894657,-13.021244846854602,1
43.28868706187679,-5.563503106939169,-7.981743555706684,1.7113892635991705,5.937638817339123,0
75.82001818525718,-8.27207038651017,-13.012343599986501,-14.547836083284313,-2.956484651829511,0
-76.3806960195434,-52.05284868839086,-6.787283243227327,-17.168453277795876,0.3345508563716732,1
-81.71656902327193,-0.10222569563367373,-8.918897489164703,-23.85815142551281,10.16000275971012,1
56.55488809671371,-12.120069496583216,-4.373168090973592,-4.918109130744346,15.643421445012073,0
467.0858712756655,9.658919244683277,-7.3026104152145095,-8.561754184774406,0.5806423986640558,0
140.6547198422104,13.798848551920852,-19.790393359927922,6.513047792561099,-3.022177899368546,1
-33.5794298198837,24.48071281271985,11.345823030387157,-0.6345843934822442,-2.5645524488149967,0
-4.5602972889434925,12.785885429027186,-12.05643438514183,18.68222800266856,6.343929183637242,0
-42.78244265480552,37.317187133750565,-26.04308240381208,4.808758933850912,-10.1527488567128,0
-6.556089581580522,15.541062863666108,2.0444217951078922,12.509732950321043,-2.736518780058778,1
103.50540153973962,2.277408428009067,-11.271926103888653,9.322219446948262,-0.5258099043106684,1
115.41341014890651,9.268949949583888,15.469593650421116,25.107576078438914,1.8605822328850634,1
-77.12910292930384,-48.90940024859358,25.446334036406142,-14.423403599632957,24.017902250485797,0
43.453203652635054,-23.330164140786998,8.647806135815193,14.241700323624539,-2.7064020805575772,0
281.7640400493299,3.8140622758139204,4.394352679122579,0.44729520354312785,-2.1931465312706053,1
135.54502343385957,7.649071157926456,-11.352869522607273,-1.9579539806352158,-10.846886300275926,0
101.85177790016635,26.935278142843973,-12.825314073781495,-11.17443400295835,14.298221793133383,1
-81.5349108346306,-3.6734600616104793,-1.4030207620210569,-24.0312685059442,18.026206488699742,0
-77.0760932806007,-43.23030442069304,75.44336910626348,11.975284397689459,3.1051309548073083,1
57.68632055316794,-13.72741799247205,12.017236391664357,15.585946036866442,-4.096954080911589,1
-40.33708708409161,38.00074255602715,-26.016727948065686,12.074314805904503,8.068574129203917,0
-80.29987143560176,-7.382533489985819,-25.006078876670912,-15.677835646640442,-15.7157247830132,1
-77.7054983961058,-38.005655908680545,3.449027380479921,-14.46495131637359,-6.389742354363578,0
26.177336429444853,3.502915415884124,-11.461318935251706,13.841681790490322,-1.2646592167828579,0
55.74303246273947,-35.5148542609146,6.106310315539781,-1.8426668795244885,10.820043838750086,1
68.84151309576417,-7.284647326380856,9.342064956218765,-5.545080425019306,-14.876484739262327,0
100.110812356226,3.9531664452712763,5.929865123687548,-4.401074253153766,-8.984192492008969,1
125.105628828472,9.869974767716467,2.1277273161399526,0.2982889069763953,-1.3405334735979362,1
-82.83794980318488,32.331018880799085,-7.834693456207615,5.957076696708339,14.135665588235943,0
67.44018533537071,23.074508070562615,-6.0699000033457,13.070327102378014,-5.400470338245999,0
19.239129191014154,-31.353982666040256,3.340878290209173,-0.4592819779404022,-11.198142848560762,1
3.441136428169174,11.560047269129123,21.21865716655199,-3.543198794933957,-5.377393615821732,0
-79.58816385212312,1.4487705512602533,-18.455421129472406,7.859396715714699,10.797307454491385,1
13.362817264647651,11.190526262275284,0.26342279112460426,2.2641504688517666,-5.483127609594898,0
-18.400922849042516,18.762971680948624,-8.487015270988463,-14.31479805994556,-6.464657441981219,0
-74.44601928394897,-68.15756909079131,9.62900349779514,-5.864721684444631,-15.899322127306442,1
60.38683171871242,13.403445207173682,-2.518668834027599,15.287755859516437,1.2072529042583053,0
-73.41910747928908,-84.33573172547132,4.7565052853899905,-16.005795528377693,10.03603855106536,1
150.23126369467622,7.747182032642332,16.227266263888012,-14.296023045017712,-2.979775715787062,0
-79.44053769204892,2.142101175809844,-9.265174899271383,13.694038317375817,-5.602904262594164,1
-79.03069950240386,-10.812060077753157,-1.540403170138016,3.3655327080143826,1.2513476974564104,1
-46.439449388345,-38.6235732794313,-20.447633504414913,8.202597485089834,5.922763954107267,1
-79.22923253295383,2.506687215257487,-10.820377324963308,17.243532400052118,-9.060789805483758,0
91.1481124101849,-25.479636816839523,6.28645437928477,-0.1178043743511291,-12.81731761444917,0
76.45897611491749,7.896227988147081,3.0060026729537763,8.331761089071673,0.7076760672569608,1
-74.7821247001597,-66.16914655637646,11.118545258064719,-7.038260363427753,-6.182965744521266,0
39.5161684102678,21.513779442075034,-22.661431217216403,10.113847298775811,-7.664555465027325,1
-12.596631341110655,14.353221538205124,-7.233719468174269,7.303639873263993,7.933165705778489,0
-79.75755117434177,-6.702367202095964,-4.804429588191482,-2.9916624785106456,11.382305614788777,0
-31.334728632504962,32.799432775683165,7.174380633562753,-0.6265734053147232,-3.4663757900170618,0
-75.691957048097,-57.94978160896541,74.44894653590234,12.292076636095343,12.474373156239691,1
-81.95159416398454,2.896858744192298,-7.976379911975647,-22.83593158461537,4.414760387203499,0
-24.550400107300955,26.2778557233878,7.552993273674912,0.43773519629849195,-7.21726764231,0
180.03967408973983,-25.624775921935694,-4.367290697493313,17.289952416628665,-6.576577196636413,0
-81.99551235680975,3.347307638467226,66.316846933118,2.0588965657442277,20.421602321505734,0
-81.0149170140831,-5.484014980003461,-3.845108808533299,-18.897319416767534,3.654207466437165,1
94.59743202616666,-22.28126467280891,-6.342053972377484,7.565326169557112,-0.7080743388932931,1
-74.59550500290159,-67.90197049633268,-3.0096643162040735,-10.967646976750661,-6.014861646810007,1
25.434497298320373,-5.104560970252215,5.604299913327423,-5.112180339732525,-13.881513908835979,0
-9.267827641308257,23.82747204763448,-7.9894407837037935,-5.398433564651204,3.2404532773259693,0
-90.16776390785994,112.6172453386858,-20.961260514875637,7.350183942567311,3.8834836183350383,0
-80.08108392883133,-12.331090701292846,-11.149304326086009,-16.700006553678595,-9.333508209213386,0
-83.00939091325235,12.374525481469158,-5.46389528492825,-23.223329816852214,18.883575321795796,0
29.7757318659592,-6.690237007371591,-23.78543592216612,3.7809652046777313,14.45545144242865,0
4.483997861799808,-12.314918788928654,26.359830740234624,9.560777024322567,-7.476961638116533,0
-82.16924111836606,7.679533004356985,70.10521960035103,6.12557098315083,1.4113691720420798,0
-8.224152514385516,23.169742666278726,6.041771844766009,-1.4798883074745042,-3.8359641174435053,0
-90.09240141262556,108.12490903540247,-34.27347526024366,-1.4322869547392483,14.924807880255734,1
-82.99065618858604,17.917734071558815,-10.386380483957886,-16.01943712397746,-8.974955947716351,0
-78.68243862511272,-26.02283276113977,-6.290531244844417,-14.099860395586227,-13.176640334362954,0
-84.45730172080016,47.398721944843466,-26.35116520157879,-2.0695155164923205,15.89561485892807,0
-40.229196589599475,28.652909513427037,5.830153738094137,-4.974800565894588,-6.886749404635639,0
-83.1807473495119,21.266217649398364,-7.868632486787525,-13.179101008489617,-15.839130913221807,0
-75.96836304134034,-56.551253547838996,-8.354428884565952,-17.914389594985376,1.6629181110049074,1
87.91943597990038,8.834781037952105,14.61461136941389,18.979285533860867,3.8928354948470294,1
-78.9400848733113,-7.164042928364315,57.72787670467481,30.565451437732506,29.266883815584723,1
-27.600710894824108,27.561942178719868,-18.222614059681103,9.47097388974184,21.713985393394154,0
176.51576277588904,-56.6442422610357,3.212872609147413,12.059003419603185,-8.452192322176323,1
250.84961800699756,-40.959216145174565,16.406075399735204,5.519350013541397,-5.351485410182885,1
-76.99299585420717,-49.0349129280251,5.659006384566754,-18.157923755734494,18.725050231895725,0
-79.3884745145952,0.4629967403901863,-50.138759031328796,-0.8005814604763231,26.4015719148035,0
-77.92816541403202,-39.45061148039385,-5.073695841022788,-21.174657767367798,21.64076768591266,1
214.6870524596493,-5.3275912109490795,2.349320938798772,-6.657428415326844,-5.205874414537097,0
1.2846583842206378,24.498190250463704,8.684476351203655,9.042010800816215,4.607161552184499,0
-80.19796110932187,-11.417311895407291,3.4717524491360945,-12.995577869046235,-9.941827202835723,1
-81.59539320606007,14.629793827478334,4.346039811953142,2.814219416854323,-10.05795856529717,0
-17.63154940489715,36.62600623062075,-18.17907072068734,-9.768220714550324,-12.163103231330252,0
61.92769707391004,-11.930220725402297,-31.154518505584615,-7.783051521356337,3.63835108074703,1
389.64119120062713,-13.576068861782826,-4.569415167340312,5.655745712637103,-8.07600395610732,1
8.52537630254793,7.856391940715908,9.589618273298726,0.2787194532365929,-10.456983861302943,0
-17.201573528895214,36.996594113043415,-0.20317834526679346,3.7268885862513876,-6.95616758492629,0
13.625551121615393,20.559259618924532,2.9774150219335844,20.42643986268023,1.2301576393453841,0
78.9409909670684,10.630785421573618,10.823095338068967,21.847056285953645,4.687448368394556,0
246.94861950128345,0.10416424418339364,-15.151421823350109,-3.7687590988747046,25.30601486514326,1
1.755950375084354,22.48748205999033,-10.99428776485219,-9.040740159045106,-13.496752776267746,0
-7.109153831531559,36.138613753149905,-0.8327420864690628,17.732692189265737,-1.291155368655174,0
-76.73640830717089,-44.30120238482157,2.2211176432961404,-6.76358188850812,-10.549829365184808,1
-8.693559389037196,22.369635034017577,-39.97774047580212,7.23983292296318,1.3639963349691204,0
1.4700423392285358,15.268893374835267,-6.141304913015567,8.491803265396154,-5.952886381501178,0
-80.8535754162296,10.369441557912563,-0.29817891865656443,6.170545984026872,-9.139510067191646,0
99.38208972692584,23.891157751773687,15.158659033328535,-14.264502004876732,-11.956705933125622,0
-24.00750084295473,30.472018501776255,4.475951158594469,-1.4214410607410384,-4.453128110009889,0
30.546070825799013,0.5209560942521086,1.450608240040558,2.4767477200138703,-7.8562195718225665,0
-30.577727079831835,2.5448151788261564,17.858370173065804,0.08198843545627692,-7.42678457113841,0
-79.13968277210864,-3.2848393042748536,-9.776927394709507,10.316864666889185,3.309425789365168,1
-79.2597139994476,2.1388715024640437,-40.26643990851695,7.320309166133207,9.955714600431326,1
206.49580210703186,-8.056578845840455,-9.086673480016426,-16.746759876426758,19.325563906370625,1
-0.7044436481805876,21.49869056977405,-1.9801076238982993,1.4313266318016349,-2.225648100485107,0
113.79512757079867,31.07631408148491,-1.3289470118946014,-4.315754139209843,12.37031101892369,0
-75.76277084720577,-53.36497367486855,3.6820347323863416,-4.872958009100637,-16.16797998898417,1
333.3335652207008,24.410397271397084,17.895367738671098,-22.975499783228727,-13.337792882671954,0
6.04778708415036,4.469454308545067,0.2348708800178913,-12.414922709856029,0.8092493295477226,0
-76.7044042102688,-45.808259929825766,1.9053121555597128,-9.978747520100717,-12.672490802432797,1
194.45822234184809,15.709368662977523,15.794667900721514,-4.33628648615876,-5.047663735899008,0
33.0093962270483,29.72649399865703,5.3857416292038405,6.9626578546262605,13.743316628168968,0
-77.04870710352277,-14.2543752698952,-2.144264417498663,28.487217566678066,-5.97509777937708,1
-84.40896812313156,30.63325504354779,0.7227690341264724,-17.40487232894529,-10.060392839775112,0
-71.47515620639737,-76.13646007347994,5.2983111804015595,25.97197463432409,-11.466534963677583,1
-83.10479082324203,17.47050331219809,5.903455063924639,-14.024893884485111,-3.9022927248097656,1
-79.24387083365674,-25.979527131413253,12.672103053085047,-17.030361151316413,15.328516101061126,0
11.137942030590525,-15.25316849556122,-18.32854011302509,15.449593061601076,2.3908461534167955,1
-83.65083966781454,38.21541065692351,-18.92287534234954,-0.7793484166992296,8.562576157974181,0
-75.9896191857494,-54.96741478227422,14.977559451675695,-8.163140576201034,-0.9460225115367764,1
85.34751695969447,10.255560947373542,17.65005279144755,14.56972167563933,0.9524570477169892,0
-81.11660407085084,-5.066054243134267,-0.07908243329060739,-18.842705869543124,6.222927272076625,1
-82.66204709698371,13.32695048506008,10.78912504635282,-12.724923502155901,-10.311693359706522,0
-73.0885971837549,-84.04026126453645,11.02227001679853,-8.207349066228835,-7.352714742525096,1
502.64209149775166,-0.3337504807523548,9.425803251429183,2.588295549195124,-1.9555908386278265,1
-79.57341346510105,9.432975501857149,-29.209140090090628,15.99274163932464,-2.793193962924972,0
95.35823631591329,18.99372058210216,-4.054362127618641,3.3214904229001116,-5.411455289217807,0
231.3581431276193,-0.528483168927658,-6.4011726910370905,-8.644060713351681,-15.35532314631015,0
-16.371995000549852,-21.82749728849832,0.17874477965223348,6.5964608894589745,-14.520477775534966,0
89.09309266588726,-4.569239263761442,9.518319034779658,15.893504277108747,-7.439844650367164,1
397.67188031594435,-13.32730299234289,-0.8851922858531385,-8.347797069654405,-15.26406598429267,1
-81.59750723170869,17.727704458637973,-2.1152108928283067,5.668981471593804,-8.388318811199127,0
-76.00824181947962,-32.0172440207598,-15.111232254997075,14.865352869768888,1.5920494739662583,1
-84.38693371420653,29.84585475685629,2.889092084712811,-17.822004202607257,-8.208109939815069,0
36.12478033855174,-2.3184312128814213,5.4295224769466275,8.03033292360037,-2.4061531264921525,1
91.15920642720029,9.334260560300995,-22.88193002317636,11.878239098894614,-5.7263962674679725,0
-6.612344729396322,27.836701750576655,0.23208169997691097,-2.306269207906368,-9.713050299181775,0
-1.9982490010455791,21.795578692645424,-5.373749706061567,27.247405691862564,-2.1988083415032085,0
-79.78889453162874,0.8023896268164221,3.4759820072958414,10.705507704366985,-9.475308910359466,0
133.2224490407731,-18.540549229969717,-6.559266068900623,3.942623744102289,1.6493105248497038,1
203.35706605156645,-42.80967911130275,-1.0710155685560148,10.258820844459283,-4.78055426804872,1
-84.65137692791401,29.95957278248809,69.87867664016544,-1.4962545306930923,4.227700136449568,0
105.90028171613667,-48.38292190395985,11.714820940486636,9.457805779185747,2.3370557749581087,1
68.23281346533543,-8.905311978834435,-27.536274672537118,17.421944509317928,-7.4751722058134735,0
97.4691125859098,31.64042729261211,-16.435803141841866,-11.330649216701824,9.042819903931472,1
-83.84827264045808,24.290881975715827,67.86162489282152,3.886651191547574,2.726702904311724,0
1.8106596785288156,29.970032357413615,-7.954980927210229,-11.158726991667134,4.706833246990524,0
-24.1457368104446,38.37174555482059,-6.130014655745123,-10.182989263580795,-10.837192844643859,0
-78.70255083524913,-26.24148481792602,3.2106588464808397,-12.17631811957278,-12.607164011049413,0
-83.15973769097035,21.945413011378296,-0.5268297408288621,-11.401419805656657,1.676769326772844,0
-79.47446092402062,-18.286584397271515,70.50239282847582,11.106314537386574,4.686938020014989,1
-76.33646380425729,-29.186210710126627,-19.2950107764392,12.672790198172338,6.378083028715308,0
-77.86216887606658,-34.14914550534548,3.846465729654924,-10.234023452643166,-13.683578068521035,0
-82.0529030150236,17.6604162805406,-0.8000050533484193,-1.5994703393581984,-11.527820482525081,0
-81.48130631296307,2.1269285267489337,-15.195638852285976,-18.063876544692146,-10.122310193928245,0
-71.74305180595196,-79.56642487708754,-26.657741540297707,6.468774680916618,-6.307549656792726,1
-33.15428879050985,36.2124958708628,-2.5277443646786595,3.921416129141065,-5.923482595601046,0
39.902598885427764,9.924098402124196,4.006012989153474,6.9620149630273875,-5.256034657430166,0
-81.77248828063995,3.6791958192046685,2.090615589618181,-15.128852420304247,-4.021960383868002,1
-80.28458448337585,-2.69193413178781,7.649601008338028,-0.3925439389286228,-3.22251463009763,1
-56.419695936837265,-62.541334562679324,-16.65562622466286,54.571018733807996,-3.789024308419075,1
-12.316995153443473,19.595148690755263,-1.6440664556578168,-9.743998120054254,-6.451113523824793,0
11.341996688423874,27.08929578682857,-20.620673153413104,18.106579742709595,-1.0460421999158775,0
-16.354620719385895,18.194262924646555,-1.8158084920753068,18.794847729272302,-3.9418323949285137,1
-16.83400621801592,-0.3890583612344069,-3.0244454672471157,-0.4551577133747582,-8.994779184898452,0
10.642428723486717,41.547361408262084,4.541823478733107,-9.839407080331126,-7.446162557249569,0
-79.2042483971951,-19.985196001419045,7.421270132005324,-9.018350419183925,-16.458183452569333,1
127.20610531883838,43.07521678244115,-3.983180120011181,2.5051163994591916,-2.1556951860802775,0
-82.1027527735534,-1.900021339091254,64.92683037238716,-8.966271017291003,46.01798209634791,0
23.31160282308978,26.3382266698468,9.60623764377958,10.405660594115892,-1.3808367340254708,0
-73.51207640098629,-59.56950171808952,8.697521521981303,20.329064888258593,5.320086386568341,1
-79.53167477591505,-24.02754482459553,17.74520592193505,-16.80931114637177,22.869588332170157,0
-11.710844656768108,35.03428652311817,-5.090263671714112,5.665560931503331,-3.1027048014161758,0
160.68016091762408,-14.893930771432048,-18.095275846816214,8.752730302469459,18.67284647738252,1
-17.811238931533246,-21.113114142413362,-12.17760950707987,-3.1995131213761896,45.56795937919848,0
-23.807225939671376,-3.3684486765436157,-4.23215799108073,-4.866258569157566,13.918707307135705,0
-85.6033390098026,42.3350665851728,6.351537789724749,-16.688958528402715,-6.60336872538285,0
-33.95965396990065,42.619228690255895,-15.426894627519006,12.07836203576788,14.984218661873127,0
-81.82647425735982,23.368030960761498,-17.41797509782412,5.285720621502197,6.842500882096397,0
-80.7358443791401,-6.979932044804908,-22.04400227701907,-23.298987017202034,-10.053909557253412,0
24.570456587675054,3.0708525050281463,18.34922297099318,-2.5932321814887844,-11.263755147656239,0
-49.011010914664226,45.124309174240786,13.421257121515254,-4.80860293310289,-5.657036098975556,0
18.686120635555298,27.77754104392981,-2.5578566007413244,14.425990677946004,-0.7620430209531942,0
-81.75050669953654,1.2696046129956025,67.82390832763191,3.09749673016983,15.764821589413637,1
64.6259252401132,-26.403841560724796,-9.610347714076148,20.27438838850554,-4.781649824428457,0
-75.44478160098694,-30.356459597975647,-16.74173184311617,25.33665265000986,-5.007329863734943,0
-76.53440467131209,-20.719304262594218,-4.213829178383581,26.174335675959032,-7.97501398931273,0
-78.94920046049835,-3.551483746153833,-0.4702799803921701,16.420233255493006,-8.202725359041358,0
-78.77928869583045,-28.712289809413598,-14.37303922008992,-22.21452723401995,4.355261327112183,0
-81.26486996674983,0.12533462731701786,9.917381204189793,-10.23873308820456,-12.083329964049236,0
-77.19195205649036,-28.251643022680415,-17.611651963791488,0.4926076976550056,19.847049591431794,0
110.58432262307326,26.400648637869487,-17.16032500747117,11.275412716852967,1.0627282620042142,1
29.10101212419462,9.005164235552794,-4.33426912165107,-8.804586176526636,-3.6793041705385665,0
-3.2417045057478653,-5.716770195936039,-9.253708304501535,11.971701724817136,8.75546050387083,0
-77.41823458144141,-24.12726851374429,-22.08629045499995,1.6406370338126055,25.166129080926893,0
250.75385306941,-12.559365106419333,6.131798673941615,-3.501248155189753,0.5130027405440148,1
-77.6717656135006,-10.795738387331621,-23.662314050112965,17.16148190288652,-4.696259293400589,0
-34.22845972342161,34.57139251901617,5.210108905532859,2.6911184166642492,1.2296088145771196,0
42.25478019029358,40.153137519637454,-18.901620326388596,2.949204859822893,-6.913506146156494,0
-79.06489635490723,-22.540659421460386,70.58652688047177,11.331776164693856,6.215536165537399,1
171.87899738814127,4.689103458837639,-0.09575770217603854,14.763021745166474,-4.301238993244322,1
400.5147698117264,23.83086955653268,11.710252647700928,1.403851818139431,-6.203597745533359,0
189.9839341953687,-37.79683891667835,-5.3075703168186354,-2.5607316281621055,18.821704513864983,0
-81.63083995044086,14.15105645446135,-4.8978666859146465,-0.94373576205306,-4.590559749637919,0
-73.38282807793625,-85.90866803875377,1.5183807399759528,-18.535144159263208,17.29549958165065,0
-16.91943377282568,37.66121973832168,-3.6649436085524383,7.842395599386922,-2.454198133577212,0
-81.46462246781707,19.782846375093733,-29.685474096094833,2.0322753763663677,8.243021136942668,0
-80.33634768248443,14.894860009178075,-9.23604897051989,18.561640989415,6.55443983155265,0
42.086446176683225,-1.7788323146479748,0.35809769769126615,-8.894318174831897,9.547105526857612,1
-86.0161541114962,43.92313821221225,68.17969540661971,-2.4181609748163613,3.1520602536907854,0
-76.20362952184843,-57.67314970762987,3.1414999242319985,-19.819077447236374,19.937432450849045,0
-81.65569647824535,2.718965537296937,5.262589771970768,-14.182893210835188,-7.047588258356668,0
-7.958615263828457,38.98096005199184,-5.446152035249641,-7.981786733636181,-6.508358793056541,0
72.59067545602772,-68.07952907318176,5.4573688042389445,7.358989792487454,16.863565884811553,1
116.3716030328918,-22.234833899018284,-1.3261193753314102,3.041228322883935,4.48384354828628,0
-8.924770761621998,1.9763745144202973,-17.069121404145005,-4.273309738604658,-16.60006961520523,0
-82.02213066614797,29.079913520316612,-13.168367671831662,12.809827818815016,0.7256009022539034,0
-89.78280554023124,109.85888736817887,-26.226623343161567,8.042232532546679,23.84185804307926,1
-3.2511173310718307,25.83359407659283,-1.7525781454970466,-0.11914953532303496,12.360123789686234,0
-80.36792807275944,15.280275557136056,-20.649795300827865,15.26882688013014,11.14529474992197,0
-84.79016241198963,33.18211740664132,-14.754741344168034,-23.301392916463033,1.0588482314154777,0
16.644221177996023,-59.51777282859214,-12.991689822038614,6.283523603335524,-7.497291331787275,1
90.47485060816409,3.057043414122156,12.890079156139059,2.9203506331088445,-9.833492065202044,0
-7.514485783927128,40.19546391404692,13.284122318590576,6.496073844064312,-3.2596494922707464,0
-80.65786477431986,-13.20901557906197,-6.728266617946689,-26.186471971784357,21.48207679887894,0
-82.27031359119935,26.647457634584743,-14.3284014305665,4.619674863113237,18.23822214407893,1
130.65792551735277,-2.210397393090506,15.900838386474017,-5.660369864183419,-12.948015209514827,0
-83.64728521053054,17.260278192484016,-0.8266769425041367,-25.431820035253274,20.965070099328972,0
-83.55775227021086,23.170449211082058,8.970949590667738,-12.076603135989659,-11.77430232520339,0
3.624736624251843,25.542478756395106,13.420936360296777,1.1698075005100654,-3.7403236685954293,0
29.02038278207787,-38.05207115460455,7.249923076998893,2.458238431876799,-9.535366825014279,1
87.98901385660245,-20.08271720540183,-18.68906507809551,-2.280352288995173,15.91304222962106,1
-79.81521926341644,-17.9522789238775,-13.406223705856487,-21.297883570403695,7.33728246356793,0
-85.07020746070961,34.86701571481422,5.305483345552249,-18.54805732280004,9.284017560035096,0
244.5377249743283,8.45099701195225,-10.555668635656259,-43.17822062935626,15.567346697107,0
-18.232245137882835,52.18074354407328,-10.219088279879657,5.691431213544275,-0.5896369315422156,0
51.135349844301246,1.88376582908558,-11.610258139239132,7.6948528619881005,-6.3386223787517935,0
-82.71087672751665,10.239365200959476,72.48705000894472,0.3048648645116136,4.298956986705737,0
-79.6137550653321,-19.58764465333582,3.228279701572604,-15.44138141301319,5.3199728527771075,1
-80.24563654863204,-9.821718406749664,16.69474880301721,-6.77446807661127,-11.751279110805799,0
-82.96312430667301,28.760551319093818,5.54742037203624,3.079561446131407,-7.1658210484520835,0
-0.47126373046787956,26.502582675054,5.226787358125477,-1.860255476327168,-9.108816680869712,0
24.245256037110245,7.710340023101422,-1.0561795484783425,-6.696038017809782,-10.906829764352857,0
107.69108099596276,16.78979286115548,3.0179497226062555,5.852800535757027,-7.190756483971969,0
-81.61903742157081,2.2110213205578084,8.345477094182108,-13.5995585143091,-6.306053923007075,0
25.84072045129994,4.270103085389207,11.628298767340345,1.616446002394496,-9.320877199004078,0
-81.51826926222891,4.547674263448541,-4.238815348029098,-10.870812987095752,-14.507075826673848,0
-16.097454984449893,35.006923217687806,-12.747406698030874,28.641867754801872,7.837369930890014,0
-84.56067701872985,30.499305678703436,64.61387109906318,1.7899864528543457,11.564570672106358,0
-27.507417695574784,44.12766623280932,3.4385124562152196,11.288261711841349,0.45884867157702147,0
-80.47451428581199,-8.34011644234966,71.13256176750063,9.806451923845403,0.35797858340804417,1
-81.78724645503176,2.159538884360132,-18.12051600848808,-24.439714303132554,2.3316517324432775,0
-87.15024965613168,50.51001600695147,1.080348727735596,-30.152463923559168,32.67959617629702,0
131.18113990642215,7.111144280677585,-10.696979876625665,7.99703458079443,-8.72529938535178,0
77.64120466576,-2.380609690596646,-27.527469926879586,16.46484956527682,0.18379728707447276,1
133.54738099484257,31.728935084231388,-12.950196515487951,2.8478823002037474,15.510487620757447,1
110.48380656624137,4.242120929282436,0.038281960255861294,-1.186468631875666,-6.019466340331222,1
-81.37194187518072,17.42616277619176,-27.665578547181127,0.8992108185937344,23.96676284859095,1
-26.62421937039054,31.593793084646734,-25.7855860202456,-2.252507524026648,-8.363467863481258,0
-6.312496761680563,31.50697052902199,-15.00601747941888,2.8725186557589804,-1.3063957683362637,0
151.7965980444723,-52.423347045836366,-12.228107792779127,4.732803712613414,-2.697294026338965,1
133.38391419627735,-56.17769605972958,-0.23713601068367976,-0.277122301485795,12.858049203614186,1
86.63919419658771,-0.8047387556273071,4.642652395677559,-1.9564352979120743,-5.303875424616361,0
-6.965512611073322,-45.97130009468402,-15.0227635515812,17.732418981972103,14.070368636704881,0
-71.35691255758101,-79.32839171229301,-32.854643835212315,10.088858962049544,-9.340416903221,0
-79.27571608576673,-0.49157332313928787,-3.2845555445578443,13.948031652612123,-9.621380974908599,0
22.99834419465406,40.231453855732,-5.562767141531199,5.025820225815677,-1.7587489797100757,0
-81.04774644509321,-9.161279242010709,-17.390230656537288,-29.497429103104455,21.285718118032264,0
-38.661319611367965,31.399764123479518,1.6480721222646766,6.153584135591339,-4.454141379667979,0
31.510011666752547,40.63572747181345,-0.5285903126913277,-0.5450438520231926,-0.08598968962513522,0
135.23358123704836,10.075491896174466,-1.0524574347874098,-0.24191343611794433,6.534796810030249,0
-80.28721533402039,16.91061916817404,-12.240112045959703,21.637491204284927,3.6835195291818508,0
-81.60764030315684,-2.4934712707700406,-5.93562811652229,-24.513759981543622,17.362631408601022,0
-79.68208843628005,9.072264585592592,-12.337448035424954,20.34065099431926,16.35618486691756,0
-83.97693329390782,25.143430605582676,-5.163019824130705,-19.763989082443796,-0.6417988482203788,0
-80.03816160702732,-16.752394491376176,-4.032043439993941,-20.25762321994996,12.186931087709821,1
201.20783780475307,-55.09769618780017,13.989310838064121,11.024366603181765,-8.320277808929752,1
-5.178040979407918,34.71997074529521,-7.553303170420304,12.321321552485017,-2.0793181336949966,0
-28.074437028461855,20.412331510949226,5.971432948884313,-0.6128021487700636,2.719557741351257,0
-83.2103616072899,19.720913873225534,-8.89131741457452,-17.229509107131978,-11.54432915354672,0
4.932404312015122,29.610278529789753,14.631012498411977,-3.113361443535971,-6.6696834581767686,0
-62.75178543899414,17.044914853657968,-9.287724662722072,14.134208816381813,-7.833017091845688,0
43.58821309947611,32.29772382206824,-1.7898702123807364,1.567914232957602,19.233974449520577,0
49.6576458552627,-28.232490565143177,0.06564491190457787,6.3898717775349665,2.0776893901418174,0
85.18969107212273,8.960658791329745,1.5728319628023708,4.318165217710242,2.4017089284843904,1
-84.69046155533995,32.02434593478448,-3.1170977661399353,-19.900914507222918,3.4230527209096295,0
-79.25836118570645,-19.20950850868182,-16.05110710578884,-16.942324750930528,-24.119459235793112,0
-36.0568075637857,10.125253868224318,6.621207041823917,16.277064631256625,-4.354160419409607,0
37.404411913921464,28.640312601170724,8.138058902755928,-2.1182211880002852,-7.36831124053446,0
251.5018463788398,1.9230120092864036,-8.471921107087374,-6.962950081638902,-13.347218133732625,0
-15.58107107124976,6.401072711523832,15.043532879051138,34.16998143541014,4.935815162248498,0
48.0344033390858,20.89793941993762,23.316552308298924,-0.8892505800221261,8.589365933492074,0
-80.40494119872005,-6.226337305493927,-5.701672754413775,-10.261378143933577,-18.912900544896665,1
-79.42354195208911,-20.6430534981799,7.563985280131207,-13.285503747441302,-2.767734770811478,0
-67.08495176927869,-81.2451723193907,-19.59793113669474,75.4618994028072,39.763220794923086,1
-74.22875919592694,-36.98359516577505,-24.164706266252136,31.689557407328113,-12.498749227062136,1
-80.24720647111981,6.833608786246166,4.695943718943449,12.338185506714915,-0.7145606858616665,0
-79.50721147212373,-13.078176758206064,-11.841581641534502,-10.33769995433283,24.611092608239648,0
-82.3760275935761,8.95935297727027,-6.8062616888907295,-18.794258881168087,3.7479553749251124,0
517.1206284375526,42.858644070602914,1.923679439069176,-38.960609430701865,16.76447298796207,1
-82.85565200117881,22.962168669702404,12.073734376217995,-1.4091170357975256,-7.952353041856029,0
-78.38076940153401,-31.10787014205401,9.214627371207529,-11.445927179733973,1.285944412317078,1
-82.39486210855692,10.005662959228827,6.431695835588185,-14.572118377776766,-6.773142068761393,0
81.68362573150628,-51.05925057829973,-10.57488004228504,-2.46602958304147,10.067814566830691,1
-86.40974577859167,49.38478357990618,64.07203885209987,0.05566371264122047,6.5277089509179005,0
-78.64396557082156,-1.425305980077647,-26.405834425556627,16.310171132175654,14.713728985561835,1
60.989345362171306,15.775875854182736,-17.04361663690153,23.007268534232278,-2.260871174898679,0
-79.23883820057225,-22.684286933854647,-5.475619997866368,-17.19596359444767,0.9961437782620471,1
30.952156542420944,45.016623672175356,12.026817908057069,0.7216471840648331,-0.17237411201072642,0
150.92020945861051,12.939826390625491,-7.084656692085484,11.257304930322599,6.53725899105849,0
110.89791003257639,-55.83171630753278,3.439148691658834,-4.448909081384724,-21.54214401474813,1
-85.50942098375675,40.35277776408196,-12.735643696233083,-22.28787685532406,9.26085549076959,0
-58.370153024333625,34.11176186286803,38.510705141408714,13.278784875398737,1.097713253603472,0
-75.26623259803026,-60.91961441904725,6.419749979366732,-8.340361660171379,-6.99166928129308,1
38.01239851408895,21.132560871712275,30.759910471407586,2.47363241015403,0.3135896662237605,0
-80.33013615836457,3.804413081392866,-18.610032185949745,-0.65968756753751,-12.68119241322656,0
-84.14655789442008,26.345549203697885,66.51548832047371,2.115279567330838,8.231847489075955,0
-77.96933202499551,-9.654217082971822,-9.46509911954823,18.298276681962975,-0.8808159757638466,0
49.351124210665624,-27.829395881646533,-8.759751316081491,-0.17757429445702205,17.224215713191604,1
-75.59556254321936,-59.53356295447513,77.41257799059461,11.136615768987983,7.74278031379239,1
-78.29326991845493,-7.013540677299029,4.746761285689707,22.691948415706005,-6.78246877975118,0
219.21638924789843,-37.01770806399614,-1.2881903129527157,14.941078079371152,-12.412896839207766,1
-41.34145881772575,27.49303894403335,2.9783182206631196,5.1068999766536685,-2.927640388383747,0
195.41131148725083,-12.299843620577567,-9.459817006521577,7.968946111169758,-7.0860742575604245,0
99.88650322137421,21.738312959370685,12.00054827975555,-11.002635291205442,-9.487431930739321,0
76.00924320041658,25.416783691765694,14.619232568813377,0.07995197766732734,-3.734327363787755,0
118.522956040083,-39.572924010401415,19.360152463038673,2.4761022190607798,0.7003123085573898,1
245.81110442843948,-25.722507989876473,-13.944336379631805,2.859421777316867,3.843196927609111,1
-80.14682830110307,7.7294457747938194,-15.502437837558675,9.237230137382959,-5.504467966509176,0
65.82544734566582,-13.637630270847856,-5.1995525212874725,-3.216507326195541,15.368680288442915,1
-81.9706806396097,6.515434717373215,1.4468422014559743,-14.750809284955254,-10.693660043708169,0
-80.48467513621229,-8.209331650021856,-19.94246939518469,-20.22972683327042,-13.954421414586289,0
-70.22550548057639,47.901135774176915,2.8238969803959164,-6.009067128021682,-5.609145112182541,0
-79.8246365308317,-2.8216182450246077,-17.624364190147595,-2.186601649431199,14.831001602277905,1
-81.748634349531,4.272659441009994,69.29871913610894,8.046985805935153,1.8042605656688817,1
80.46602150510574,15.556485537439594,-21.917121828398653,11.122656548712444,-2.5407637618288472,0
-82.0836961432343,20.67238697190022,-10.283321965736759,-0.3484498712731914,-4.454700275855585,0
-73.94453710177324,-74.76333650891414,-12.11646829212806,-13.974404613280972,-5.224627689709899,0
32.947092180877675,30.987522756864248,-5.830568133967877,6.0426500923833055,-7.772112546733546,0
-81.81036393561962,6.335122392598503,9.226436564485484,-9.590138620425709,-14.579571790853217,0
-26.63696662150364,26.767486218641046,-30.753894282614933,18.797331465995683,1.456624498858576,0
-80.16459155009174,-10.428291893570817,8.827666656395241,-9.681868560185945,-17.437366213205973,0
-79.21099633610076,-19.0147001429403,-0.4129469424053663,-9.985408290362418,-20.208941333103038,0
-79.63502921026057,-18.99009658516771,-6.2460427413388615,-18.036535929369624,2.575509069252085,0
-81.9165006985249,21.318351519316405,0.3046685255928568,6.651415260210596,-7.688934325430321,0
-81.3272733963586,-1.2743293615840439,8.793722388139367,-13.68368121744791,-2.4546597045106946,1
9.683544957701688,20.463440893940625,-15.762770545279674,15.396326146356438,-4.380930096891439,0
-81.65278123877954,3.9217178139053255,13.70480933905606,-9.66811469830863,-12.172203322330938,0
103.15988883429604,2.674409784742416,-5.555669272110605,-9.772685318263111,-15.431385479855715,0
-83.52800495737479,20.821589034198134,7.991221782648821,-15.329248467035919,-2.395447658491231,0
-82.14993668333196,6.437651134400057,-1.1600272727804373,-17.750370857303206,1.240289697572199,1
-82.17101743569846,5.046331737953917,-3.7617189773004944,-21.35729831513206,8.716055034934703,0
-16.343330455642615,25.21170328435218,-8.350083227960821,-3.2748293601817973,-9.607235948834422,0
9.716697216281506,23.659012949004513,-14.166836928662338,6.666279460346301,3.006948208101435,1
-36.20100541217254,17.31314845678421,-3.223951990178504,-9.815898878091765,-7.036695215629678,0
23.228243286102504,19.240134469136542,-15.454492066771168,-9.933775806112848,-9.569627812300983,0
-79.72319614946058,-14.590860569649356,5.675266189854115,-9.09596251754694,-14.591238142266993,0
-77.8678916036685,-37.946042736641616,-3.4951882944056685,-18.29713027547337,5.549307794530554,1
-84.67960596751516,31.60127581771332,64.75370260713606,1.4214994469708733,11.310810472727836,0
70.53693386565665,25.4661874669719,-5.244020575185965,1.8055818350929465,-2.6173123658243997,0
362.3269864660571,-0.7268288993132667,3.246230869088046,-5.2863153730719175,-3.7178795390420194,0
68.0179948451119,-39.14648007986183,5.762485919652974,-4.541766899000533,-6.958981878326993,1
85.09953414244453,-44.00032685916917,23.599510309537035,25.158463070967482,-7.473320443347169,1
52.35308716552081,-12.428346684488497,-15.73098960049322,3.6969737712949997,8.033057987006874,1
-80.51837750518858,9.293169428448156,5.474343409897813,12.097885184207184,-5.620378483421284,0
17.11238286792377,35.1962913774526,10.94842130477595,4.921890072709953,-2.7115581497380705,0
25.695552448307602,8.554581728667042,8.241665759815689,4.753596570049559,-3.0449081918154137,0
-1.2671805838910972,-1.2706329073181262,-9.894787555012437,18.28951819884762,-0.8652410777783129,0
-80.87482768100574,-4.565664561140736,19.94911523787345,-8.101301809286106,-7.87559210874333,0
53.907807512474704,21.545596627700395,-2.9129444018252815,4.910292761989546,-7.698805794280354,0
460.61042019525433,14.073009229315126,28.527401193745014,-12.00517871268361,-5.148769661655588,1
8.785193049734936,24.816193380205178,5.966287479208558,14.164655760924127,-2.760202761380183,0
121.20410722438898,10.938725516631374,-17.913124873718328,12.576558119080465,11.528839671720483,0
-79.28626827407348,-22.89115020777586,-31.843919124381372,-26.239648416928144,3.1544294688688934,0
-12.833361173227622,38.39591718690411,-20.669198286738172,3.95557089594468,-2.4995679813269067,1
-76.38390910236275,-53.66355084362259,-5.386905635426467,-19.297964659633184,7.551359841577443,0
-69.93520462582657,-82.03776193300197,-3.699077878372313,38.27362134235562,-13.15854052361573,1
156.84456195559181,-36.0040838250582,-34.12714697203426,6.377752811503094,3.706791900939648,1
53.983221994052,-20.09973793531998,-15.103276505982535,18.106532973212527,9.092497532520657,1
-78.85568347169936,-0.5361969257878162,-0.9108391856090318,21.433762166428433,14.030932286196778,1
52.71045588969365,14.684426586611078,-16.88962124594116,17.746610324724212,-4.274016710263966,0
-76.9628966173043,-38.14296619798382,-14.014741592097867,-8.487462702845903,28.111771379568992,1
-79.91008944960333,1.4399341526007223,-6.293706164961952,6.322746404252867,9.414502480784352,1
107.76946222017901,33.47234740688013,3.9073581350868896,1.3166193571483544,17.16593571358687,0
23.949754329442953,-32.70203761685242,-7.384450950783622,4.671079052375376,9.062381244325225,0
92.18314816406757,-36.39402018017295,5.280123855583595,0.08660071046948034,12.651000053153986,0
-82.25308505820911,16.791065393408342,11.13766468813863,-1.2394808740295598,-10.062310191740165,0
-35.030022217839445,41.184413293862306,-45.35184825244013,-15.602497718476554,10.405244396909431,0
161.07533379771564,9.970602571255474,-31.2000177990579,2.7305370209503104,-13.55653028478004,0
-83.2956770831524,13.358706604801737,-16.483411279883867,-29.872432162171474,27.01364022581469,0
-73.24644058500837,-80.59572062131961,14.81217523838173,-3.9280720547397445,-13.809481749814495,1
-76.97361151135524,-47.815109768494416,-7.560434616506178,-20.75135549870467,6.480359415308457,1
-83.28902018878331,20.759071209160957,9.711919604241805,-10.574731932238862,-8.856198913994024,0
-80.67537123506136,-5.428251937945386,20.947642178296462,-5.13009291780087,-8.991572739732929,1
181.5162781234033,40.08107966305945,14.719935345617428,-13.062367639831056,-6.497083387108845,0
-40.73007774826886,64.07335274575891,2.244062530611596,6.520173099788503,-0.0987693633237684,0
-73.89844783629687,-47.32292219804159,-8.222920353933672,27.783265240675096,-8.051950778699052,1
23.758174601735597,30.42298544900498,-4.317421419185914,18.917981860721905,-2.4015002805376713,0
-79.89429106626272,-13.42007265738564,-4.091314820191779,-13.37092800704951,-13.930117872959267,1
-79.39041190002716,-28.790772061142118,-5.372187156587302,-31.497566348478536,22.757567339890276,0
125.59160604876763,4.728726629021247,-1.4881862324538588,-0.8855608699363262,-8.289722502675756,0
-79.77189518994203,-14.854751066422635,13.253672112601212,-8.788100801439,-15.607248458472265,0
-81.04061203549085,9.412148077134326,15.514227550223634,7.930357685369525,0.856953248470286,0
101.7215425009679,-7.601005345558178,1.043564207090769,0.968566925473871,-11.440414742907645,0
103.68265077468725,-15.724761721649994,-17.701633130575544,14.350080053457953,13.19321433292463,1
-81.79565104876168,3.3693658009611456,-6.621453192044442,-19.314932053324654,-5.46202668607069,0
-76.05818366362531,-53.38412215793985,-34.38122614615642,-21.981355282819358,-7.49838726113555,1
15.957040256436262,3.0152318922330332,-3.6260316621168074,13.463901283838858,-6.792567374790585,0
47.44348543073386,-3.544243200573926,-7.765228377669549,21.63319166305814,16.53716072286863,1
-83.7518646665417,24.184743492685154,10.799595348935503,-13.307568628788587,-8.542667891771671,0
399.99086082334225,13.221694810624857,-9.999664978977632,-29.531505706140617,3.551338914261315,1
49.56008539699554,-42.84322390601577,4.381952345512948,0.4687735981502731,-8.010136135785652,1
-83.801356211248,24.34470515789104,67.66107148783233,4.8260036489695475,1.5633387211630825,0
75.0578731645731,-1.4397134313875801,-11.726728723083614,-15.5421463242651,-12.162469020335749,0
-80.56520831842482,-5.628711788699679,2.6387515103272356,-8.928111562822199,-11.650794811000567,0
120.06852000527036,10.568199261727964,-5.232006606699482,-0.8184865385845307,-6.899323297009188,0
-78.1913230274308,-14.25079688619912,-13.946238973845874,6.943291301640379,15.046841393383497,1
-73.84273089069671,-58.2457827232609,-17.633795883031414,8.46962265300441,10.586710689863935,1
-80.74960927901206,-8.164266112851807,67.74733714453282,5.206310927762476,17.007923782432293,0
19.045514497761182,12.534149832544978,-6.07860638577051,-3.738110618251911,-6.584544129911967,0
-82.01129136652852,31.87492203366835,-22.76156517894723,14.119946661706393,0.7704624559773804,0
-82.63537251559057,8.615828081261121,72.03875579970399,-0.9753919473332181,8.499605464505668,1
253.77328803197082,23.023246425761414,28.533847317279765,-5.578501788957408,-5.671915014573921,0
-76.17930292660002,-53.71188683525555,0.9108632195790171,-13.740385921468377,0.4417754271790521,1
77.65843689131268,37.29114737941846,-0.5978830948727415,7.211689948882699,-2.972405894158661,1
308.1969102791098,-5.364705508897736,20.073024874185325,-18.344454263561264,-12.741697525827748,0
-56.42604123293561,-12.182346116466327,-11.226512158169239,5.227064149966574,5.52180102556284,0
-77.53217658440155,-14.767257163425413,-0.6591429466932462,21.785195481331595,10.482332956785694,1
210.78906820642018,10.854534299962994,19.082081565994688,-7.0355811393669345,-10.721109972350195,0
-82.2957707715949,9.24588554424352,-2.0890683390243154,-16.547602304598872,-6.124387997524524,0
316.98321114718436,-31.561241320470337,29.409280765241235,3.4842217640504765,3.0272914112106557,1
110.87250749877454,-40.648638519141066,-4.132807549930334,14.405309910071907,-4.016525900760695,1
-82.20594991625933,15.126552320082002,-9.23861464891735,-9.86266536789419,22.73973978974947,0
97.75111800509357,25.78909981440898,1.5511126881076582,20.52669439909029,0.9884506799366686,0
-81.10194646374234,12.2499703000582,-16.302590940936987,1.2639409684186858,19.71500982987686,1
-82.81854521838305,26.820581529742817,-21.96407822747617,-5.863393804989221,-0.31134786660172825,0
119.72247212072658,20.906033821276157,0.44060074896140644,10.787433418403518,-6.241597522939372,0
50.05755248345907,-23.248133629185123,2.7643526266587233,5.03258495028432,7.5506359333702155,1
25.55874127946631,2.7334433119889194,-20.58604264136398,0.4881401600576575,7.266275330458158,0
-81.08959070189914,-4.2742084527737605,-21.270689159351367,-23.902577919534355,0.1752849774596775,0
-78.70765681631137,-0.058177761653994006,-18.71163753377505,19.028357451975722,8.353912147010863,0
99.78152879772213,14.494241810978648,-8.849663417644122,1.4054595013020623,-7.380417036628951,0
-76.65800326609997,-27.251849125989544,-12.764711044523908,12.209292630553286,-14.71351708826995,0
-74.98491499087572,-61.97799313601231,-2.3823024095082195,-9.691058976564939,-25.29243131206509,0
-83.58184720487272,23.486121792381645,17.968451254736017,-8.790536849276451,-9.481094524488077,0
0.3380531418031724,-9.96614157254524,-7.272375539220987,0.10509882439863649,-1.731892673743655,1
-80.3318449379643,-8.616812211886232,-9.289138583833727,-14.990271394346067,-18.963682092221003,1
46.63424794272992,-48.80491978881229,-14.479853450002299,18.60806704503063,-13.300765293971152,1
83.340348022729,26.53464514178279,11.603993360312558,4.6869631632117486,-4.673226970723736,0
-82.14571205229306,3.5573370517090757,-4.372449799211719,-23.917505833678916,12.426193309600377,0
-81.16655201690976,20.150403625377674,-0.3051211632461287,16.884828268497298,2.6572192588702124,0
41.07462187940506,-1.1644866662728182,-13.763188361021749,2.2419198208662174,-14.647182335473605,0
-84.56005337118778,45.19953957578606,-14.310582002222601,-2.8875075233278373,13.590726202920068,0
77.25697950106215,31.503881453411456,8.994226174253283,-3.9523697517630785,-8.342429479449612,0
-82.18717420488466,7.419631247777364,-4.62323713514643,-17.531272161280118,2.992462330095041,1
70.88250485516593,4.203848467704273,-17.137745705381064,4.1828914247282505,16.70980463653609,1
11.82874314674385,24.335020163849155,21.996922094794254,4.917876218903856,0.5291798580378514,0
34.45163249946451,18.223039709765246,12.013394455943969,-0.27430268019086673,-7.895387141725051,0
-78.27037825921389,-32.64517649924536,-17.27803146730334,-20.83788943048039,-1.1634722164482574,1
64.31235259466706,-28.664872241959717,-18.68504307066767,8.97525733201777,3.934975614589923,0
23.89024604959185,19.426462647393297,-21.554413378440486,-1.6716514891446526,14.553799678110119,0
-74.78195612482625,-35.1535524612662,-28.62200774112634,25.27036470500651,-8.546276392055596,1
-25.011522799379545,36.68369344345311,-18.67366278945282,16.798533872187978,6.4306046620261155,0
125.99522665427078,-53.51106066218849,9.817545703013323,1.1619835230646038,-3.155074516400321,1
-76.76324906482589,-49.730565918997726,15.949363428556904,-12.772878832032715,8.297499124780066,1
-78.97653538457591,-21.943306274699392,7.483620025544931,-8.13058658697895,-17.200902719075035,1
-4.3617850255609865,-0.37515719812613524,-14.186546128504173,17.452059435874354,-2.3787157854319108,0
-80.46788727873063,7.649711914883585,3.814467689222612,9.981795929746854,-4.145216449379727,0
435.03732817978954,-18.479274865704078,-7.490570128407633,-0.6636414033144615,-10.652419053487492,1
-75.21662883082483,-42.09702227527862,-10.272587722106863,13.333855561495865,9.480616078356132,1
32.16913475530988,-6.337891263267378,-22.450521066985743,10.114553835062289,2.910009515836845,1
-76.12172087838618,-25.869120684779226,-25.715397735768832,17.88108714136731,4.84607300808429,0
-80.24379626396293,-13.94165175372587,-0.574533104353485,-18.067613582330996,10.594696606965345,1
-81.73477907468913,5.5836876907280635,-3.6222371981078725,-13.14691095731714,-12.594815694796562,0
-73.44179455176919,-83.97859688033651,-11.199360272220877,-19.95666203597155,13.838964090706202,1
-66.43057051546775,29.621274807180217,4.437986393958242,10.772408432889906,-3.801248942264545,0
-73.60916087904158,-57.42977345202822,-5.288733908004263,18.2071323789155,7.301891766852666,1
-83.8741975877596,23.640260220097836,7.782819375650058,-16.897334569052244,-0.5152826813268309,0
99.23788074168718,25.080927132722525,-19.534825080053825,4.4383321197208,35.61697134671849,0
-78.64123888962216,-7.688010075015709,-4.137226721850636,13.740153749996281,-4.532273493817332,0
32.1131982650559,3.3766647987788088,-1.5878644649137676,-0.8784454550148494,-2.979287722498234,0
-80.21449431230151,-14.18601976525175,12.351263899471808,-14.294259483794313,8.53295028890759,1
-81.30814972470543,21.621496059680595,-8.15276832554933,13.821705538603583,-4.913207464584797,0
